[
    {
        "Q_id": "31",
        "id": "5",
        "Q_name": "Smart phone",
        "Q_price": "123.00"
    },
    {
        "Q_id": "32",
        "id": "3",
        "Q_name": "Neck less",
        "Q_price": "300.00"
    },
    {
        "Q_id": "33",
        "id": "5",
        "Q_name": "Smart phone",
        "Q_price": "123.00"
    },
    {
        "Q_id": "34",
        "id": "4",
        "Q_name": "kids Dress",
        "Q_price": "123.00"
    },
    {
        "Q_id": "35",
        "id": "1",
        "Q_name": "Bag",
        "Q_price": "120.00"
    },
    {
        "Q_id": "36",
        "id": "3",
        "Q_name": "Neck less",
        "Q_price": "300.00"
    }
]